id,phone_sequence
fadg0_si1279,hIrwLAJvaIrDaBLMrDwLMwLQ
fadg0_si1909,tLlnbLiKnbwnrPDwLkuywDLDCBlcPBlwUJLInFBUJLHlwLDyLQNLHwLKr
fadg0_si649,wLNJNJncbcQHQtIrJtrCDCDcBgLHAwcwcLHAvTyEDwDLMywQLQLHIrLHlHlwUJwDCrJLhHkbLMtIrvIrInFBwLASBymrtKbnLH
fadg0_sx109,KTyJLBcnwnLlkwDJLHIrIyEDLvIrIsELABvaDlcwDJLMyLMJBgcFLH
fadg0_sx19,wbcBwPDCDCwDncDJwcFQSIrLAwDvatwDLhytBcncnDUsyE
fadg0_sx199,TybncbcDLizwFBLkHQrDLKiKwmwrcQSGBSGSIwLmwLAJLHhHhacaIKrLMwLHAwDLMsLzwJLMwUyUwcDUJU
fadg0_sx289,SwnwLlkwrLHIwyLtLAcBaLKwUwrLQhIrDLyTyUJtHcBnwDJybDB
fadg0_sx379,HvbDLkuywLJLtMIrIagaIgLmwyESBSBcJDwDUcaDCDCDLknrUJLMbsDU
faks0_si1573,vwUJULAbeLlwCDCScwUJLHhywDcDvbLkrLkwDwULhyPQmwQtBLhcPFLMJLSrSarDwDLiKibLhy
faks0_si2203,lwLIyUJwDwUJLtHIrwLlwJLkhgLJyEDLMtBcBwLKLDcgbgeB
faks0_si943,HhIrLkacLAiKwDwDCytaBtaILhBFBSBcwLAJLHwLHMsLKwDJUJUJ
faks0_sx133,lvyLJnwrIywUbcbnrILAwDCDyEDTywDLtrLASwLABSacDLziziU
faks0_sx223,HScwLlcLhcLirLhBaLAMswLhBGBSGSBwcDClcwDLurIacLKUJU
faks0_sx313,hIaDLHtgLtaIrDLJwDcLhaLAJLHctSaIywLuFcBbgeBLH
faks0_sx403,vrSaILuIcFLADUJnwJcwcQhcFBFBSBSByJLAarLMJcwDLhBgacBLJwU
faks0_sx43,DnbnBLlrSByLHyLHBaSaIaLtcDwLAJLACByPLkwLk
fcal1_si1403,wcSaBSBswULNlHnbDLkwLlwLHsLKwDLJgLArwLABLhSgDwUJLCbDmcwtwDwcJLlMwLNJnbeBLQLH
fcal1_si2033,hSPrwLhwywLABSBaBJSBcQtKwsEDLukwNLHIrFBSBnbnJLMwcaGIywPBgLlHwnwnrwJ
fcal1_si773,lBlBcnmDeaBLHIaLznLAJLMIrIgJBFBwyLtrJnQIrcFBLhksDU
fcal1_sx143,lwJtNtJbecDLkwLzwDwLQtHtrULkuyLQhcBJLAuwyrLhknwDvbsbwDmQlcBgrcFB
fcal1_sx233,vgacSBsybwDLtIyPSBsLCyDwJnsgsEDLhksED
fcal1_sx323,lwtaILHrQwDwLknDLtrLChCrIgLQlwEDacDLMgcDCDCD
fcal1_sx413,lwnbtLDyUJULSymwJLDwymcLHSByELJLAMaILtLCDCbLizLMrJLArLM
fcal1_sx53,lwkyECDwJNUwLhHhBQScwLAbLhywPcBwynrIyLAwDLMsEDJnDCLhBJUJ
fcmh0_si1454,gcvarIywLzPcrFBsyLlwCsyEDLMgLiKiTyPDPwULMLCSrQhQwnrDywJLAacCLHwUsywKwDUcLtLHgaBwyTDvybnDJtJLMzMwPrUJUJ
fcmh0_si2084,SBgmwcLhbemwLMyPLIwrQCDLlkbnbnD
fcmh0_si824,JnLQhScQtrDUnCIrwLiziwDLkbgUwyEDyvwDUgDLHInLHIrIsKwDLzPLHhyLDnbnbnDwLtbnLiKiKiIrmwU
fcmh0_sx104,vyUJLMknFBncLkgDLHhHhrcCcLhsLur
fcmh0_sx14,lhyLtHtarIrtNLlwnrwUJLMwyUwLJbCLIyLmvyPBIbnrQIytacICDywBcBac
fcmh0_sx194,lsywDLzIGgwcSwDIgbeagLkywyKwD
fcmh0_sx284,znbnbDQtLHMagLTPBaILuyPLkwDLQLQsLhrIbcLlwJNJwDLzwLHAHyPyLzizLHIrLizizwUJ
fcmh0_sx374,zaDLMHByEDULKncBLQLHNwLKLHSGaIgrwcDBwLmlmwEDE
fdac1_si1474,vbJLuAyTybDCDnbDyvyUJbnLhBwDULCaLMwUJLMsUJLJ
fdac1_si2104,vactLvLvLvcIrKvyLtNtnbaLHsLCBCBCgJLkwPQLQhBcSBcJwyLwnbCQCQlcBgbJLMJ
fdac1_si844,lbaeagacDUJLMbLCDCwLAaFBcDQtwUKwDUJsywUwLiyPQLbHbLHMyLAJLHhHbDLMAJncCQCbLiJtMIrcPSBaBLHwsLAJLhwnrIywcDCLJ
fdac1_sx124,aLzwLiJLCsmwQLHyPDQmrLhyPBDlQlcQtaBCLCD
fdac1_sx214,lwcLCamCDmyLDLkuwPwPBSBaCDlCwJLHhHgLkwcSBbnLuBnwJwDCDLkwLwCDClwJbgacDLk
fdac1_sx304,zKizyLMJLMkbagagLkAuyEDUJULCIbebgbaDCcQtIrnrwJLMbgDLlnbnrFQLSLhSaDLk
fdac1_sx34,kbeBCDLkwPLibeByUJLkMwsLmyLkuywywKwPwU
fdac1_sx394,AbeBLtJywCsLAJLhaFBDUJUwDLMyKtJLMIaDCD
fdms0_si1218,lLkwPLzTPwBSyLQhyUwLHIgaLAJwDCDCywmwLhuSwmyPSwJLtHyPBSyECSIwLlklwDwDLJneBLQtQ
fdms0_si1502,DTyUJnaLlwcCaBSwyULMlwLkuncQlQlwLhFwUyTPwrwUJ
fdms0_si1848,hlwnwLMJtNJnLizLAMysUJwUCSIrIywDwcLHbegabJLMnbnbDTyPKzwPSPB
fdms0_sx138,lwDwJLASBFcSwULIyLMIbDLMwLISwLlwDcLHBacaBwLzPy
fdms0_sx228,CgLuAuAFBcLABwLkwLhbnLzrCSaBScwLNLAInsbgDU
fdms0_sx318,vcFBLHLHuIsLkwLHDwLAwcLHbnbnLHwcwQtQLHwLAMAMsmwrcDUJ
fdms0_sx408,KyDCDyEDLHIyEDCwUwcLHBaLhyPBPrgDmDmwCcDvaBcSISIyED
fdms0_sx48,lhswywFcDmwLhyEDyvecJwDlwrIrCcFDCLAMAMnDLMIyUJgLk
fdrw0_si1283,HvcBcwLJDCPCPSaIrcBQtrLMPSBcncFBagDTDvTyDCDCwDLHbsbwsKDU
fdrw0_si1423,TwTwLIwUDcvgDgLUaLABwyLHvbDwgLADvDsLAMsLtLSBsysysLMyPyPLHhHhwLHsLAwLDaLzwJwLHAbnbr
fdrw0_si653,SISyLAwDLkbgLMiMyPLhuIyLAwEDLkhgDBgcgLAIywBLHAyLHAHB
fdrw0_sx113,lClDlwLABScDUwLAHbnJLDCrJLHkwncBJcwDwDLAJLHwnwDJUJwLtLHIrtvyED
fdrw0_sx203,lwQvTyPLHSGgEDLAcBQIrwDlcLHLHyTywnDKwDLy
fdrw0_sx23,HIBSyJULMyswLhCcLHwLMsDwcUbncLHhytSBctrIaJLM
fdrw0_sx293,vgLkuIrIcLhkhwJncLhSBsnLhnbecCDvbcQcDLkwDcwcQtLisyEDLz
fdrw0_sx383,uIgDclwrveveaDLAuIPyPQvrIbLHIyEDyEDLHsbsDswLAbLJ
fedw0_si1084,lClwQmyEDywDwKbneBeLHNwnLlhlwQCsmyTyBgbLMywPCymyvDctBaDBCbaLlwLMAsULhIbaLHlcLhCBywLNtaILrJLM
fedw0_si1653,lLhkbeLkcagDvTyLkbgmDcbcbLMwLhBgaeB
fedw0_si1714,KwFBSByLmLmwtJtJwPQUwCQIybagmyPCSyaBwLDeagaeByLzUzUz
fedw0_sx184,bsnsEDcbtLAyPwPBbavaLkwDCDwDwDLwhywULhuyPwLuLtIyTywLhbaLtLAHA
fedw0_sx274,lwLAagaUPSBsybwDhkwLmwLhIcLHBSBSBysyLnwbnbnLHlwKiKzwPBcBr
fedw0_sx364,lwPwULDCDyUyUJUJwDLUMvMvaCDwDbgULDCaQlcBcwJtLBsy
fedw0_sx4,HAIByJLMsLhwULknrnLmyLHMHMbsbnbnLhcLAaLMwLlkwLAIyDwUJtwnwDCsy
fedw0_sx94,lwLAaLHwLAHtISyEDwKbDCLHSPwmDaDvQBaIyvbnbwDcFBSLIbeacLk
fgjd0_si1179,lLhkbnLhwsysyEDCwyLDLwLlCsLhyLhcQtBaCsLKtKwDwcLcaLQhsyLtKtKsLHtHcFDCLSBSyLizLHuAbHbeaLhwywyKsLJNtNtNyLQhaBLt
fgjd0_si549,vyDLtJLHhaBFLuAtJrwFPLlhwQBsysLy
fgjd0_si818,vTywrwUJULSInCPBaLHLCSBwLDaDClcBlBytLMubnLHhwywD
fgjd0_sx189,lswLMAbLNJLCyTyaBeBLBLhaBSByDyLUJtvrIyLMJLCgLAvTyTrUJUJLJ
fgjd0_sx279,ACSBSwncQtLScwNtJwPDLQLHhaLkwcPQlcLizTyPrIywJLDCDlcwQtJagagagLiz
fgjd0_sx369,lkyLzMzMzbDLMagaCcBCByLwAyEDLAHAaCBaLtNtLAFcFBwDJgLmkwLCSCSBwLlHwcLhIsyLhkbeDLDacCQCQCsysyLKvyLkwyDLDJtJwQtNJLMwLCLHSaGaIgLM
fgjd0_sx9,MzsELCsLwnrwDCScCcrIrwDwyLhagaeSarLAywDLDLvaIgLkLk
fgjd0_sx99,DTDbeaDCDLJLzrPrwJBaeaeLHAHAaCDcwDLMAuwybDLkybnbnwJLMIyLyLMLJLJ
fjem0_si1264,nwDCSBywLzizLDwDLurFcIrKtKysLKwDJLNlHywDLkwJLMIyLhaILAwDULwUwyTyEDPDnwDLhSwlwJwDuhBDyTywDTwD
fjem0_si1894,vyLQaCDFUJULICInFBLMJLlwcLhFLHJLAacCcDLJLMkbaBLHA
fjem0_si634,CwLMTPrDyvywcBQJLJtJtJrIwDCwLCaBSBSwyEDLASBSBsLyLCSInLkLCSgsgLmkwcaSarILhHhcact
fjem0_sx184,aImDwQtwKBcwDLMncBcLzwDLJwUJtrIywFB
fjem0_sx274,lcJLCaBLhBGBGwLHAScwLMwcSarIrCcDCvScBFLA
fjem0_sx364,cLiwPFwUwDLtvTyPSPBLhyLAcDLznbDrFcBQtJ
fjem0_sx4,gacaBSBywLkwcCcFUJLMlwLAaFBLhHBcJcLaIDmDcJcLHMswEDLHaLHTwPBwnrmwy
fjem0_sx94,lwtywLtKtLHwLuwbwDLMkMIPcBSISyLHIrwDLMwLASywcDcJrLQtQLDcJcDLlwcJLCgaBSBsbELA
fjmg0_si1181,ScbLKwncQLQhyUwQtbnLAJLChy
fjmg0_si1811,lyLJLHIncFLIrwDULwDLHNHwUJbgDUNLlHlyLAJnLHLlMkMwrDJUwLQLhgIsKrcLHAHAHBgbJLJIrDULHAywDLJLHBSBy
fjmg0_si551,hbgeBcDJswsELAIaIrLASBwLzLMIwDULCwLHSGaGIGrwcBsyLwDLMwDLMzPwPLIwtBnbLAvacaLMwJaImDmwLuAJnwLhDcBLJ
fjmg0_sx101,lMlwUJLMrIGgGgEvbnrQIytagaICIwcQBsDmywLMwDCIbeaLmLmknwLJ
fjmg0_sx11,nbeBLtrwUcwLhknwFBcLMyLzMPcSarILHAISwLMbDJwLHwrwLQhCwswsKwDwUDnbnFBLSarIwLhy
fjmg0_sx191,haLHsLHIrmDnebnFBQwUlwcCBwQyEDrCyTrcBUJ
fjmg0_sx281,SInrISIryTyPQLtBaBSyPSarwcSBsy
fjmg0_sx371,lDwLkyPQhcBJcwJgLkuyPISISwULhsJLMrnrnrCvgrarILAyU
fjsj0_si1484,lkybnwDLNwUaBLMDwPDsLCwtBaCDLhrJLHhagcFLHhwDwQtrJLCPDLDLU
fjsj0_si2114,hCbLtaLlwrIybnwDTwCaLtvTywrtJwLALvTyTyPwUwLhuhukFeB
fjsj0_si854,vTyPwrLmTyTyPmPwDQNJtLASGgLHrJtJLSBsLNtwQLQLSByLhlhlwQnrIywDCLhagDmywDCnwDmDmwCQLDCDyDwQtcDJtLBgDwLQtLt
fjsj0_sx134,lwLAbLJLCDyeBaBwLNJtLvrLJLCgTyTywrDrPLUJLJU
fjsj0_sx224,SBncQtBSBwNtwyPwLhgLlcBwLiKiPTrIywQtJLCDctJagwDLU
fjsj0_sx314,lwlkyLzncbcDLMHMgwDCDCyLmyEDLAcCSBaLtLAIFBcwDLtJgDmwLCSBwNtNtltwLhHhIsLubeDwDCwyvTyLlmwEDJwNtJLMwDCLHagr
fjsj0_sx404,ziMzPsDCbsLArwrCSaICgDywLhgFSrLAywDcLvSCgagr
fjsj0_sx44,TncacDCDLtLlNMrQNLCcBaDCLAaCDCDwDLMnbnDLhybnwLQNtJLMiMiIyLyLMLJLJ
fkms0_si1490,lDCDarcacJcLHIgbUwECSIyLlwJwLHIrIrcLziJLkywLDeaBSabnrLA
fkms0_si2120,SIwDLHsEDLAyLHLHaLDcLhCBsmsEDeBFwUcLhbevDmDwyTyTybn
fkms0_si860,wvywyELiKrPaGarIrLHAwDLMwLhaIrwDcvaILhrFBtIrIsULtJtBgJLMywCLhr
fkms0_sx140,lwJnbecDLkwLzTywPmwrQtrKzLuyLuBtJLuAubnrwLhHbvbsDbwcDkcBgFcB
fkms0_sx230,vgeSBsbsywDLtIrIyPSBsELCICyEDCDcJgsLCLHMsgsysyE
fkms0_sx320,lctaLHIrQUQlywDwLhkywDCDLtrCrIbamQlwyEDacDLMagacCD
fkms0_sx410,lwnbLtLhHyJLSywLJLCyLmcLHBSISwLJLAaILtLQCbnbDLJLMrKJLAuIr
fkms0_sx50,wyLlwDwcJwCLHBLQhcaFLAbLhywrIsnrIsyLAwDLMsEDJwCLhBJtNJ
fmah0_si1289,HaLHrwDBCyTyTyPwyULlklwLHIbnNlNwDCLhFcLMkwLuwUwDbwLAtBwPLwDJLMwrCnbDLAnwCwDCBCgDCDbnbnLDLE
fmah0_si1919,hIbngJUJUwLSBsymTwULhSagrILhIbDwrJNJnLhIbnbtNLHctJtJBcgsyE
fmah0_si659,wvyDUwCbLlkwnrvbDCQDlwDeaeaLMwJLHhyLiMibaeaeaeBLklwnwLtaBLHMA
fmah0_sx119,zMzTywDLkuwrCDaILDLUKJUnaLkukuwDLhkunLAIrIsLlwnrLHAHAHBgbgLJtJtIrIbnwDJLtIrvaBLvaBaLksgsysyJ
fmah0_sx209,vyLSCSCBcFBcLvcBcveaLcarIbnrwDBgcLCr
fmah0_sx29,SywLtJNJLHIaBLtacDyvbDLMyUJsLKDwDLJwQSBgacDLkJUJ
fmah0_sx299,AvSaIyDLMIswsLKJzLHgLMHbgLuIwLNLhyLzLHhaBtrvagrJUJ
fmah0_sx389,IgDveCsEDaDLhyLlklwLhknbnbnDLtJLMebgaDLtrLhwywULDwJLCarLzrUJUJUJ
fmml0_si1040,lwnraBUwcFBSBgagcDwJLMJyLArUbnLMrLMIsyPyUJtU
fmml0_si1670,JLkMkMsLhyKDUJnbnLDCDCBcwcLCwybnLHnDwULkgU
fmml0_si2300,vTwDLHMHIrLzwDLkMnbvbnLJiKwUgULkwrLhnDmwQtnLMJ
fmml0_sx140,lwywUwLhrwLzunbsbsDmTPIrIyrLDCgULCcnDLJLMwJLhHhnwDLkwCgbgwDCy
fmml0_sx230,HgLuwnwDLUzTrwLzrnwLJ
fmml0_sx320,vTwJNJLHhyLhHQhBFSISIrCSaIGLznDrIbnwJLlwrISwLhyEDnbeFBFcDCyLtSaISBcncBtwnwnr
fmml0_sx410,hLhaILhrLHsLQHIrwQSBSByLUwDwLhsLhgDLHBgr
fmml0_sx50,lhnbnULAcLhaLALhywLDwbnrLMsDsyELuAJLHSaILAMA
fnmr0_si1399,vbnLMHMJwcLSBwcwUIgLMLHAvbnLHJwLSBwJLMzncUJLM
fnmr0_si2029,vyLHSGgwULMLDLlknDbLmwLkLhnQrIwytNtNtnwDCrIgrmrwLKwnwLHLhHwUwcScncLHwD
fnmr0_si769,lwyPUwDBFLtBcwPwLkwLwLlBlCywLQJwQbnLJULDJUwULlwcFBcwJUrwUJULuwCBnbeBLtQLtJ
fnmr0_sx139,bLurLABcLMtMIrFcBLHIgLAJnaILAcrDCDyLQlwDCByLkwJLizMwLQhwLmw
fnmr0_sx229,cBageBlByPSBsyvTrLrLhFcLQIsKLDCrcBgagDULhaBcLnbnrUJU
fnmr0_sx319,lwDyrJwDwDLuaLAwcCsywEDkacLhHhyPSwNtwDcSaLATwDLkwJLMwDLJUJ
fnmr0_sx409,SuInwsLhgUJLtIrIrKLCDwcFBLHAyLiLSyLhysyEDCSaIrDCwEDCDC
fnmr0_sx49,AebemDwcwJLMIaQtwLALHwLQwcCDcCcwLHcLHbLAJLDCwLHBnLlHwcLHSar
frew0_si1030,lctIsyECISIwLuzTyUbnbLHvHbDbar
frew0_si1280,nbQIyLCwswLQDwLtJKTyLCsUJyDLhknDnwnwJNwUNtJwnrDCyDrcBSGSBysyLUNUy
frew0_si1910,vytNtJywJLMPDyPDUwPwDFUrcCBCaeIrCLuTywDmDyLMzLCwysELChDcwNJIcnwLAwLDaFUJNtJwPUNQnbaeaDLAvAvuyJLMPyvyDCDbnw
frew0_sx110,lwLCwNJNLAagaFacBSBwNtwyLAMiIgLAMwLhLhISyLtAwywDwLHaBcLzy
frew0_sx20,CgLAcLAaBbncILhwLhsbsbsLQIrIrwCSCSaBSwLNLHAIgDyaFcFBDCDU
frew0_sx200,vbQLuIsLkwLHsyswLAwLHbsbsLAwQtLHlwLHMsmDwDLU
frew0_sx290,JbgbswsLmyLHAIDsyLCwUwLHaLHhywPmyrIgmwcLCrCDvaeBcSBSyEDE
frew0_sx380,lwDmTybeICDrwLhyLAvbeabJNtNwDTPrIryPCabcFacLHArwDLMAMyJtvgLky
fsem0_si1198,vgULlkhwDLDuIyPSBwULhkbebebDwLhgJLDsLHInBtbDJwDUbDLhDnrISIrLhIsysUwEDLMHAbemDecB
fsem0_si1828,vyEDbnLtIFaFBswDLMwPrwJcBcLtLMzTnaLwDeQDlmwLzaLhSwULuAuAaFBacacDwDLDTyEPISwJLMHIbDLkw
fsem0_si568,cLtNlwrFaIrImyJNsLlHwnwmcFBtLMwrwUnaIrIsEsLtHtHIgDLMarILDwywyw
fsem0_sx118,vaLzwLAJLCsLmwLHATyPDTrarLhkyPQwrwcQtBC
fsem0_sx208,lwCSaIDyEDLkyPScCDCDCDcwJLHhgrISBnbnLlBlwJwnwDLklwDUJngD
fsem0_sx28,KiKyLiJLMbebaLAwDtIcaCDcwtrJLMbgcDnrISarD
fsem0_sx298,knceBCDLkwPwLiIrIaByJLMwrmyLkswKwywU
fsem0_sx388,MAbeBJywDCsLAJLHhcaFDUwDLMyLJLHIraBC
majc0_si1946,KyUJNJwLiKirarILtJwnwLlDwFBLhFcFBFBDLJwDLiKiIrIrwDLJLSIybncCLhbLHAIr
majc0_si2095,lDlcLHrLkcLAKDwDCsLhkywDLAHIyJLHIcbcLmybnwDLHIgsEDLtnwLMwLHIrLHrImyUJwLlwJLMIrILk
majc0_si835,hcQCDyECDwUwLHctNJtLtMwLkwyTwULSgLAMwLQhaIKJLMwDC
majc0_sx115,lywCScCDLlwLHwLAtJLlNHywLAIrcaLHBcwJvJvaBcLAuBSBFB
majc0_sx205,lcBSBcwLAMAnrLHIrJwDneBarLAJLHwncwnLMwLMIPSPBLhsLukuncLQhrDmDwDcaIrmrUtU
majc0_sx25,SaFBCBsQlcaGrJLSBcLQLCDCgsywDCnrDrJ
majc0_sx295,vTlwNtLAwrFLHArcDCDLJLMcCSaFBCvbnLQLhrIsyEDLziKtrDCyLmyDEywDLMwPDCD
majc0_sx385,vwJLKiKrcFBLkrtLHncBLlHlwUwtwLQSrcLhIrcFLHAHrwD
mbdg0_si1463,DCDagLlwDwDPwULwDLkeBcDLzLwDwDCwLAJLMwDCISwyLhksEDLzrwJBcLAiKwPrIPDEy
mbdg0_si2093,nbLDwcFLhwUJULCwDJvJnwFQIwyvKvyrLvrcJLMswsLAbaLAwEDCDyPSBIwyEy
mbdg0_si833,CcCcLlwQISBSwJULHlwJgLmwrJncaBtcwLATwrDybcacatJwLhky
mbdg0_sx113,vbsDCIrLAacFBLiMIrFBLHaDmDrnLAJnearIrgbDyLQwlQcSIBywLkwUJUJLzPwPwLhywLmw
mbdg0_sx203,vcCDcaeIQlQhyPSBsvyrLHwLCIbcbJKcvaBgUcaBgbrJ
mbdg0_sx23,lwDTnrwJwDCwLhkhkeaDLCwEDcaIrcLhyPIwLlQlwDCSCcaLAwDLkwJLMwDLMJ
mbdg0_sx293,uIsLHhIgJLtrKLDaraBFCLALmyLizLSyLMbsCSarIDyE
mbdg0_sx383,MvHAeaFBDBcJLMrbacLtwLAHAMwLHAwDacCwLAcwLHbLAJLCwLurLlwLHBaFBar
mbns0_si1220,wDLkMkMysymywPmwULHaBJcLhFBcLMwJtJnLHMrIsLmyLmLDlDbgcgLMaDLHAbnrLCnwEDnbDmsEDLtwcLQDwLASByrcLtnbnLJLJ
mbns0_si1850,lSlBCgDLmwLhBSBywDLknwULABcFwsLzizPBcLHhgLMwPLlwLkubeBLHhBFBFr
mbns0_si590,JtbeQhsgsJwDLCIyLAwDLNtNwnwmzmwrLk
mbns0_sx140,lwLABcDLUyLAbnbLtJLMwCrJLHhHknwFBFQtcDCwywELJLMHMwDLNwLHabnrILtTywrDCD
mbns0_sx230,lwcLkTyPLHSGgELAHcBLQrPlBlDngLhkuybnDrJtJwD
mbns0_sx320,MHMlBsLtLlMwPwPwsLCcCLHwLMsbsmwnwnDUncLhctBFQtIaFcJLJ
mbns0_sx410,bcaLkQIaLkhlwJNtJcLHhSBsLhHknmDcacagvbLQhlwDyEDcDLMsyEDELMJU
mbns0_sx50,uIbnCcLlwrbeLuIPQvrIbLhuIsEywyDwDLHbnmwyLAbnwDLMJ
mbwm0_si1304,lcJcJgwDmDyPIywBywLAJwJLMLwnbnNJwLAnbnDLlkMlwLMyveagcFQrDcDCLhaeCQhlwLuASGSBbaCrIsKwDcCbD
mbwm0_si1934,wEDaFLMJcQcLaLAbDCwDLMwyvwULtQSGBGBGsJtJ
mbwm0_si674,JncDwJgLzMzMwLkzIgDScNtBwmBaDLzKzKwrLhrLhaFBr
mbwm0_sx134,lwLhacDlcBcFScwJLHBcncnbJcCSwyJwLiPSInDmwLDwDlwKrar
mbwm0_sx224,vIyTywPCBlcwLAwDEDLtaIDwDLHBSBgDCcnDLMJMJ
mbwm0_sx314,cLhywyLhkunaFcLMLvgHgLklcByLAbChFBLMHLtIyLQlwtgIDCDyarD
mbwm0_sx404,wlDyLAwDEDLJLHwDCwDLiJLCgLByEDLAHIyJwJLMIrIyLCIrIbDLzwPBctJtLBy
mbwm0_sx44,lwLMSacDCBgLharcCDCcDLMHSBacaLtLAMLHlMsLScBCDbnLiKrwLhBy
mcsh0_si1549,SBacIQIrwLMIrnbnJLMrQtwnwUsLAJ
mcsh0_si2179,HIwrmwyJwPScCwLAywCQcSaIwDLATnrwDwQtBLlnbeCLhIrIaBcFUcSaLAwDJLNJwnwnwsLA
mcsh0_si919,lwQvLwctSaICwUIbnbDLMwLhkcrInDCcUJULMHyLHsbsbsLk
mcsh0_sx109,lwJnwCLhIrLzwsbnwDIrDCgUJLCcDLJLMJMJwULHhHnDwCgbswDCy
mcsh0_sx19,vcLuIPwmwUTyPrwDLknrwDLUJUJ
mcsh0_sx199,wswyLtNLHyLHBarCSaILzncCDrwJLlwnrLhwEDncacDyLtrSBcBLtnrC
mcsh0_sx289,haSarLhrDLHsLHIrDQSByPUwDwLhsLhaFCLhHthar
mcsh0_sx379,hbcbeUJULAwLhaBLAwDLhyDnwDLMzwLMIysEDJLHhSaSar
mdlf0_si1583,bcwLAbnrLzLAIrDLzJLhgDLJLkwCSgDLMJLlHlHwcLMrwDLhwQlwLuBwFD
mdlf0_si2213,hlsEDCsLuAncnJLADLtaICcwJBcLDLubnLD
mdlf0_si953,SCSywFBSwUJULlnbeceSywPQSwLkbgcQlwQNnrLhcPwLMJnacD
mdlf0_sx143,vuISPcSCatNLMPrIgLUyEDEBcwDwPDwLmwLAJLHhHhwnwnwUJwLAbeB
mdlf0_sx233,MwtIrnDmlcwrDLvDTywULHIrwJLMyLiMiKvTywLAsKDCwCIyLULlcSaBJLMHIyLzrDmcB
mdlf0_sx323,ChaIwyLJULAaJLMPCDCDymwLhBgDLuBSBcFcLULUkwLhyLAcCDLHByPQBynceBcwLkwnw
mdlf0_sx413,SGgTywcBcrSaIyTywFQIrUJwcBybgLkwDUJ
mdlf0_sx53,knJLlwLAScwLKwDLtrcCDybcDLJwr
mdls0_si1628,hIyELSBChyLkwtabarILAIbLArtJ
mdls0_si2258,lwJLJKTPTrncBLMrKneacCScwLHrQrIgmDeaeCSBcUNlNbnLJcByLtaBbcbaLtLHrLAbnbnLAKwLD
mdls0_si998,vyLDBlwywPQLkwDCLhIyLHtIwLlwcCgmDgwyEDLMAbncLHwDCy
mdls0_sx188,lwLhnJSwLmcBcnarIrDwUJULUwJNJNtJaBLQlwLAJLMrLHIaLQhBcBCDLUJ
mdls0_sx278,KyPSaSaICLtIBysyJUJNJUJyPSBScDnFBLQhIaBJ
mdls0_sx368,SISInbeLQLADLMtHIFBLlhcwJULHNMacaLHhBacaLtiDlcLhIBsysyLirLJ
mdls0_sx8,lwJLHrcLtKrwULHALMPwLzkTkrQBywDLHSacICwLMywLtIrLHrwJLHwnwnLlhyLhagr
mdls0_sx98,SgLizizrarILzkLCcDyLtrwUNLlNlwLiMzLuaILhwLMz
mdvc0_si2174,vTyPwUgDUJLHhagIwEDE
mdvc0_si2196,bgLtJrIyLtQyJwnwPrwLDvTyLhkhkwLJLJBrcwDyLHhBgnwLJcwLKIrarFrcBywDLtwnDLQISIsyLQDcDTytrwLhac
mdvc0_si936,bvbeDQCIgTEDTywPUlwLAbebneFDKzUwcBJLMaCDwLAuIFUJLMkcLAacCcacDCSBSBgaLCBCBbnbcLQtnar
mdvc0_sx126,MwcCLhgagaDaQlQmyEDLuIrwsmwyEDywDLMJwDrcBCaIgLMLHhHhaFB
mdvc0_sx216,IaDLJbnLhgaLlwLHaDwDLJLHMubnLJLlwJLMIsLkuzyUJUJ
mdvc0_sx306,hsLhsLhkhaILtIrPcScDLknerCDrcLQLkunbeBeLtJ
mdvc0_sx36,acLukhkwQrDCacacLhgLQlyKJyPyUJNtUrwcDLhkyPBQrwLiagagIgLMJU
mdvc0_sx396,vIrIgmDwyvbDyLAHAbsDysLMJLScDnQIrwLlwLhIrcCnLMIrwLHInbnLKrwLisEDLzwPwU
mers0_si1019,lcLCIctBcwDLHIaLhBcLSChScULhgDFCyEDJaBtLM
mers0_si1649,SCgLkubnLkwLmwLHDCDvTyLClCwLQLMIPLhuIrIsLmksLz
mers0_si497,tJnsnFBULCcDLziKiwLHwUJLMwFBLCDcnJcwJnrwDEyLlcwcmwLNwLhkwtrLhIbDLkwQtJnsnFBULDCrwLizwnw
mers0_sx119,lywnCBcCDLkwLHAwLJyLAIbaLHBwcnwJLaBcwLhuhBFcB
mers0_sx209,lwcBlcwLMrywLHrJcDaeBarIrLAJLHcnLHMHwLMPFBLhsLuncQCwDwrarLmkrKU
mers0_sx29,SaFBLhBwLCLhBaGrULBFcFBLCDwFcBywDbnrJ
mers0_sx299,lwLtLAbrIrFBLAcCDJLMcCgaIacBLvbQrIsEDLiKtIrLCyLmwEDwLMPyP
mers0_sx389,vwKrFBLhrtnFBLHLHAHbnUwLtwLSrcLhIrFLArwD
mgjf0_si1901,SwyLAbDvcSrQrCbLAJwCSgwgwUJUJUDLNwLAiLHnLMwLhkhIgTyPwPD
mgjf0_si641,vyLQlnDatrLAwDLUwcBDCDbnJLMwDcwcDlmlwcQlcSBnwlwrLSwLiMCPwULacDwDLlkwDUyTDybcJLMAwDy
mgjf0_si776,SBbnbnJLHrKJcDBJnBULhCwDLKTwnc
mgjf0_sx101,cCcJLMAwPlmDarIrbcLhkwDCDwDwULAuBwLktIwPyLkrLhbLA
mgjf0_sx11,lwLAaUSywDLklwmwLhrIrcLHSBywLNLlwKrar
mgjf0_sx191,lcwULCyPUywKwDUvaILCcCgLULCSaILQcBcSBcwJLSBSBwy
mgjf0_sx281,HSByLJLMsLALHAwJLMkryLMsnLhBLABaLlMlclwLAByEDTwTrLKLtrLhy
mgjf0_sx371,lwLAaILHwLAByDrKvbwncDLHCLkaILAaIrIywDCaSaIbcILC
mglb0_si1534,lsynFaBJcBcFBScCDLCcDyPLHIrwJLHMHMyKwDUwyLAiTrLMy
mglb0_si2164,lcLuwLkDCaIrIrFLMPyTPCgacaLhBGBGwsy
mglb0_si904,hIrLzwJLMcDBFBUcDtwnrywUacDLlcCBFBJLAMAMaCcDCnLNLlwLUwLQHQIrQrLAIaJwyELJ
mglb0_sx184,lbsLurLAcFBLMIrIPcBLHIacDcLJaIrvDeacDyLQlcCByLkwJLMIPwLhwLMwLH
mglb0_sx274,lhcBaeBSByPSBsyvTyTPwrLhlcLIbnKDCSgUaBbnrJUJ
mglb0_sx364,lcwDwTrJwDlwLuaLDCsyswEDaLhyPSwLlMNwDCSaBLAwEDLkwJLMwDLJ
mglb0_sx4,uIsLhgDULtIrKLDwPFBLHAHyLzJiLSyLlHMwsDCSaIDmwyEy
mglb0_sx94,AnLmlwJLMIatyLAyLAwDaCwyLAbcLhbLAJLDCwLuBcnLMcLHBaSar
mgwt0_si1539,hIbecDCgUbgLhIbeBSLChcwJLMbnbK
mgwt0_si2169,InLMrIrwUnaLtwDCDLATrymywJLaLtwDLMncCLHlwLknbnJLASnKLMwDLJLHcDmyDnQrLkwnLDLD
mgwt0_si909,KvKvKTPIrcBnrsywUcrLHrLMrnLMwLhgcnUncDwED
mgwt0_sx189,AMrLkwKwDmrLASaIrJLHIncQBcLHIPQBtIrIacCLhrIsLzLCberLz
mgwt0_sx279,wLMncBLtwrLkwLAOcLHASwNtQbaLiKrQIr
mgwt0_sx369,lwLAInDLhrswLhaLkwLNJLCIrwrLHrmywDamcC
mgwt0_sx9,SBbLtLlMnwnDLJcDJsysEDTwtarLiwDLJLSCgaBUcLHBgDLkuTwrPr
mgwt0_sx99,CaBCDJLMIacCBwLkwJtSBgLAMJnLhcLHMgUwrJ
mjar0_si1988,wlwywPSwUwLAJLHhBFwDPDwUJUJLMPcvgagaLhcBaJLhyLunbnbtJKLizwnrw
mjar0_si2247,SsmwcBlBPFBSaB
mjar0_si728,lwJwJLDClDwrJLHnLAswPmrLAHAHsgnLHwLAJLHIrIywDLMJLlHnQIwyPScDlwJULMcLhywLHLMwJLHcwD
mjar0_sx188,lwJwnwnwnCLhrwDLznbsDwPSIrDCgcgKJLCcDLJLMLJLHnwDlwDCDCgcCy
mjar0_sx278,vbcLhywyQlDyKrwDLknrwDLMJ
mjar0_sx368,lsyLHhBScCSaILznbDrwtJtwrLhyLDncDCyLtIrSBFBtr
mjar0_sx8,haIrILhrDLHswLHrwDLDlQcByLJcwcDlwcLhwyLhgaDLtar
mjar0_sx98,lhbnJLAMwLHhFaFBLAwDCLhywDCDwPmDrLAsDwyEDLJLHhaI
mjfc0_si1033,lCDbnaILAwDCDwJLHMHswLHrIyLQvTyPIrQKULSgLMwLAIaBwUJULHMHswULlDywnaFBwnwnwJLNMwLA
mjfc0_si1663,lwLHIaJLHMHnLMrQtLAcDmwDCLhbLAJLHwDwDLDvDwUDwrwcDLHIgcUwcCSacIcDLtIrnDmDmwyELukrQrDr
mjfc0_si2293,hcwLHlHkwKLiKwLHNJwrQrwsyJtaDbeBQCwDynrcBSwywLknaCLHAunwLtNJwDCswsJtJnQBerLlUwnwDwCSaIr
mjfc0_sx133,vwvlwJLMrIaBcLkgcDCDtrcCcLhnbnsLmr
mjfc0_sx223,vwytaILlMknrLQULlnsnwUwLAUbnbnCIyLQTwPrPrIrmnbnLQyLtHSaSacaCDwcDIrcbr
mjfc0_sx313,lDCDCswDLzrarsrLSacIDCagagarILkwrwrKwD
mjfc0_sx403,znbLtLHrILDTPSaILmkTwmwDLtsLQIrIbnQrwJwDLMwrwLtiKLKTPrPLzLHrLiMziMPwPUJ
mjfc0_sx43,znrIaIDCwLAIyEDUDwLwKnatwrKtIrQInwnwrQwnrD
mjsw0_si1010,TaBtKwmwcQSBcLCyLkwPBagaLM
mjsw0_si1640,CgDChacaclwrCDCnrQrSaLMHMJLCy
mjsw0_si2270,aLQhyPwJByQlwLhIgLlkBLHInrvbnbnwULDwDCywLzncnJLCcLJLMwcCsLMwQlwrLDwPUJwLizrPSBsLKwDCD
mjsw0_sx110,vKvyKJKLBnLHlwDLJLHhIrIyEDvrIsELABaBSaBCcwJLkyLHtBSBFBLH
mjsw0_sx20,cBSBFCLChlcDlcCDJcBQrSarnrLAwnwDatcDLhytBnwDUwy
mjsw0_sx200,TwcDCDLizwFCQIrDKwmwLQSGLmkwyLAJLHhFGwLKrLMPLHAwDLMsLzPwJLDlwUyUwPU
mjsw0_sx290,ScncwlwrLHIPQNtLucBSaKwPwUrQIrIyTyPUJtBaGSGBcDJyTybeQDB
mjsw0_sx380,nbnCDLukTyPwQDULuIgLmQyESBnJcDLUnaDCDLtarULkyUJ
mmdb1_si1625,vTyvTwcFcULDncQrvwDLJnBtNLHcwcQmDIwsyLvsyEyLHBaFBLSwLiJLMLtQyvsymwPLScLiwLQlctJtJbecnUJUJ
mmdb1_si2255,lhysLAtJBgmDmwLkwDLkFDcwcLlwDctBgnrsmrwJnFBt
mmdb1_si995,JcCDLMHMbUJyLAcaBcNJNJtJgmcSctLBcbLtBaBcwULhywtQvFBC
mmdb1_sx185,lcwcwcLhacaCLucBcFBSBcJLHBcUJULCBwJwLMISwmwLlhwDCDwcrKrar
mmdb1_sx275,SaSIGsyPBcQtTyPQtQHtaFBFCLtHtBGBncBcwLM
mmdb1_sx365,lswLhyLuwFLHhahgDmcByTybwLhBLHtJCwtaImIyaILMkMk
mmdb1_sx5,lymyEDUJLHwDmwLiJLCDCgsCQSByLAIyJwJLMIsLHtMLCIbLtBcwtJLSBSBy
mmdb1_sx95,lnbnLMtSBgacaBswsLMcCcJtSBatLHBsBSBavaLtKwcLhBSBy
mmdm2_si1452,tIrScDLiIbmwLABSBPwUcCDCScUrIrnLAcCSwDLhsLKrC
mmdm2_si1555,JcCLhacmyPScwQDcFBQBSgJwPU
mmdm2_si2082,vlwJLMaIgGgwDUlwQbnLMTPIyUwDUNtrcLHrJwJLlMywEDJcFBSaCDwDnrCDCwJLlMwLkuwswyLKwDCDLJ
mmdm2_sx102,lwcJnbeCDlcQLzwDcQtrULhuyTPCPBJLMuwrPLhynbcDLHMHcBSB
mmdm2_sx12,vgvgeSBywDLtIyPSBsDCyEDlcwJsDLtNtJnrwD
mmdm2_sx192,lctaLHIrQIwDwDLhkhkwFCDtrcDvrIgLQyDaCDLMHgagIDCD
mmdm2_sx282,lkunbtyJLSymyKLDymcBLHSGBGwELJLHuaILtCbLJiLMrtLMHr
mmdm2_sx372,TyQlwDwJcCLhBcQBLAbnbnmrPSarIyLAwDLMsDUJULJncDLhBJ
mmjr0_si1648,lwJULCgLvwQBsLzrLvTywDLDLtaBcLkMkwCQCwmDwDlmlwcDLDUJcBacILHSBSBsy
mmjr0_si2166,TPSwDmDcQvQIrIsyESarIDmyTyPB
mmjr0_si2278,zTkTwLHsLtIgLNcaBaDnwn
mmjr0_sx118,IlCScSatQNtrIgJycQCBwcBlCwLlhwyLAJLhHwnwDLJwLAbeB
mmjr0_sx208,MkMwQtrFcmlwrmsywULHnJLMyLiMyPyLAHsKDBysPIyLkMJtlBcBSBaBtLtMtMyLzaImDB
mmjr0_sx28,SGyUJLAaJNLMyPyPQhyLmwLhBgLuABcFBQtJLMLhyLAcCLHBywDCyTywncBSwLAwkLHLM
mmjr0_sx298,SgTwyeFBcrSarIrIywFBLSIrJwBybgmDcDCDLJUJUJ
mmjr0_sx388,kunwJLlwLASBnKLiMiMwDtcCybnDLJr
mmwh0_si1089,aBLtKrcDmDcbcaLHLvyJwnLk
mmwh0_si1301,vcLHrtIngnKwDCwLhIaCywULAwLkwDwDLAcCwULCgDcScwJwDLMwLhyJLDsysUJULMnbnLMkM
mmwh0_si459,cBSBSBSgDyEDvaBlwLMyUJLCsLMsLAwyTyTwraICSarIr
mmwh0_sx189,vaImrwtwKwcBswEDLMbncBcwLzwDLJUDywUtIrIywB
mmwh0_sx279,lcJLCaBLhBSGgLHcwLlMlcSaICaCDcvFBcLA
mmwh0_sx369,bcLiTPFUwDLtKvKTPSPBLhyLAaCDLznDcFBLJ
mmwh0_sx9,hHSBSBwyLlwcCFBJLMwLAaBLHBwLKLvaImwtJLHcLMsDLHaLHATwPCBbnrmy
mmwh0_sx99,lwtwrwrKLHhyLunbnDLMcBlByLHtIbDbnwLABSyaCcJrtcwJwDQLlwJLCaBsLA
mpdf0_si1542,lLlkncCDCDLhwyPLMPwPQlwLAbDLMIyLvSartrwLMPwULHnFLSIrwcDCDLUJUJ
mpdf0_si2172,wLMJctcCeBcLlhyLvTywDLkDeaeaFB
mpdf0_si912,lwJLHBSGBsLlmwUSBSgcaCDLMJULlcLHcLHcJLMcBSBgLlwLzizizPBLQkQDrwDLDLwvbDLkarILknwLAIrLmLmwQbLAJwrc
mpdf0_sx102,lcCDwJLAaFBFLSwKIrywLMIbLMwLkLScNcDcLHaBcLzy
mpdf0_sx12,CgcgLAcBLAcBcFrLlcwLhknLkIrCSaFBLSBcLNLAIsbeCDLJU
mpdf0_sx192,vrcLhuhIrswsLMkMwLHwLAwLHnbLAcLHLHsPmwcDBDUJUJUJ
mpdf0_sx282,KizPQIwDLAIswDCDwywDwUwLHaLHhwPBarvgDmcCSacCDLveBcBSByLD
mpdf0_sx372,lCsbeBDwLhwswsLkvbebeBtJLwvTwDwrIrwChFLAbcLHIyJgLk
mrcs0_si1223,vacFcSarICLhIyULHBsmwLAIatJLMwLCwPwQwDTwQBgLASIsnrLtJ
mrcs0_si1853,ABlcncQrSBSBgsLAJaCDULtIrvAvrFQrcSBwyLASGrwyLtMInLzwLAJaDJLlcBwQmBLMPCwcFBcLzrLCbacmrwLA
mrcs0_si593,kwDaLiMIraIgLTaIDLMPLMsgLtk
mrcs0_sx143,AwDrCrLDLzizTwFLMwDLknLArIsLMrLABbKrCDUzLtIrIaBvaBcmQDmwJtJ
mrcs0_sx233,vyPSGFBSCaeBSrIynrQSBg
mrcs0_sx323,ScwJLMIaBaBtcFBcDybLATwPUsKDUwLSaIDLJ
mrcs0_sx413,AIywEDLMIrKLHBsLMbnLuLSwLNLHhyLzizLHhaBJtIrbeSrUJUJ
mrcs0_sx53,IbsLDeCwDecaLHhymwLhwnJLMbgDLtHrLhwUwJULHhCrLkzkrUJ
mreb0_si1375,wUwLhwLAncDUwcCgcnJtLBacQcCBnwDncwJLlNlwLhkHvbnrLuIrFcUcCgcbntsyJ
mreb0_si2005,lMlwLAwnrQmwJncBaBtNnbD
mreb0_si745,vyLHwrLmwvbwswLkwDCLuIbnLkwUwrIrnFrIQIPcLAMIbLAJLAywDCwLkwLQkhyTPBcrLkuwnDLhcBcFB
mreb0_sx115,lwLAbnLMJLCyeBSBSwUJLIrLMJLhgTyTwrUJUJUJ
mreb0_sx205,ASBwQtSBcwJwPLHhcDlwFBcLzTrwPwULhcJaBcLKzKz
mreb0_sx25,DTyLizizwDLMgbDCywDLMwncCSBaFBJLABPFBcDLJgcDmwrLhScLNMHMcLhIswLkncDclDCwyLTymyEDJwULMcDCLhHhaIrLAMkM
mreb0_sx295,zyPsyEDCbsnrCSaILhcDwLhcnBSrLMAwDvaILk
mreb0_sx385,TycCLJLMwPQUQSBFBLtLAaCcwDCLMAMunbDLhkywULiMIyLMJ
mrjm4_si1489,CyLALJLlwrIrIsysyLKwDLHIvactJnwtJwDEDLlDncDQLCyLkMvMbnDULIyJyLkywyLJLMnDLJtNMyLQmTwDCwJLlMwLuysyKwD
mrjm4_si2119,vyPSwLCDaLiAinrmPywLhIyLAsJtJtJ
mrjm4_si859,lLhgLlbDLkLScDCDtyPBFBUnbcLCsbsbsLhkwnswsDmswDLtSaIrJcBwULvagrwULzwnwDCIeFBLAvAvbcncncDUywQCBnLAMAMwLHtABtarJcwLUJ
mrjm4_sx139,SLcvavrIDTwrLuIsLJUtvgrQDQrImCSaIrUQLlcwDCDbnDLtyU
mrjm4_sx229,HIgaLzsLkwQneBSBcCcnDCLHLHScwJULHIrJyTmyEDLMPUJtJcBsy
mrjm4_sx319,JrQUwLHABFBJLBaLvbLtIrIgabgbgLDvbDLhywBsbncB
mrjm4_sx409,lyTPBFBsJwJLAScwUwCIrIagDgLz
mrjm4_sx49,lLlcncDCLCLCDhFaGFgwULHIaBScCLuIFBcBULCSarlDcwDcFcFBGSBsEDTyLiLMkusy
mrjr0_si1182,twJLJLHaBaCBLkwbnwnCDbnUyJLHkbsLmuTrLtSarLkM
mrjr0_si1812,cLMiJiJLMwsPrULzLhkwUJUwLtHyLiKirneaeaeBSIywyEDCgLAuIrIyLhIbabDLHMJLHbmrLkurIbeaCDLMkrIrwFBcCDCD
mrjr0_si2313,lcCLHFBJKJKIrIyrIyLHMbgbgrCwDLkwLHNJwLAJLkhyLtgLQlcPCBwPcCDUaCDaegagaDvrIgUJUJUcwD
mrjr0_sx102,lkwJLMIPGgsgsELvbnQhIytageBCQIyQBymwLMwcCgLvaLmwLMJ
mrjr0_sx12,DnbeBcwJwUJUwLhwBcwLAHyLMwPcSrLHSwLHMeaDLJwcLHrQlwywLKzKwDLwULDFBFLALSIsrwLlkywy
mrjr0_sx192,lLhaLCLHsysLHrLmkcFBLNHwQLlcBlwQhyEDCIwcCDTrIFBLJ
mrjr0_sx282,SBSvSInrSIrIyTywcSBSgcBSByESIrIrFcBSBs
mrjr0_sx372,DCyLmTyLQcBJgLmyPSwULhsyJLMHaDcvgrIbebarILAMyUJUJUJ
mroa0_si1307,vaBUwJLMIsgsLAyPBtaBSrtwnr
mroa0_si1970,SyLAwcwJrDCSBSyTmTwrKwnwDC
mroa0_si677,HAHaFLJtybeLHBUwcDwJrnwcLHrLMABaBaBQDCDCDCnDnwnLJLkukrIsyswDeCwDEDLABSB
mroa0_sx137,SatNtrIsgsUlywcCcCwLkmwLkwsnwsLAJLHcncnDLJwLAaBcCD
mroa0_sx227,MwtrwlwrswUJLHwJLMyLKLvTywPLHAHsKUDCBsysyIyLJcSaBJLAMIyLzTrmDcB
mroa0_sx317,haIGyUJULAbgbJLMwDyLkwLhBbgbgLAuABcFcULMkwLhyLAcDLtNyPBywcBwLuwnwD
mroa0_sx407,SgTycFBrISIrIyBLQrKJwcBysgsmDcDCDLU
mroa0_sx47,kunbJwLASIrKwDtrcCDCybwnDLJrC
mrtk0_si1093,SwNwDCcSaILzMrKJcFLtKtcBJwJLMlcCSaIgILlmwJLAMAMrcLAtIbcaBQtcCDLtLCaBtJcLHJwJLMcDCDLUJ
mrtk0_si1723,lwlwcCScrmDgLDJLMwPSar
mrtk0_si1750,wLiMwUJLHIyDCgLECIgLtBtbJLMcCSacaBLCsLk
mrtk0_sx103,lwLAbLMJLHhyeBSyLJtrLMLCSGIyTrUJ
mrtk0_sx13,lcQtHtSCwJwPwQNLHhcnLQlcQSwLizTrIywJULDCDcwJtJaILKz
mrtk0_sx193,wyLiMincDLMHgaCSByEDLAcCSaJLAaBcCDLkJgDwcSwLNLlNlcLHIyLknbecDwcQtwvymyELuJwJLMAcCDLHaILH
mrtk0_sx283,zyPsLCswrCSaILCSBcDmyLhgcgcIQSIrLAwLDLAHvaILk
mrtk0_sx373,wTncCLJLMPULSBSBcBLQLAaCDwLkAMbnDLhyPrJUJLMIrIyLMJ
mrws1_si1130,lwtLukaILMsEDLhkwyPSwLQLDBClwPLKzULKIr
mrws1_si1496,vyLtnacLAvATyLJKJKJFaLHnBtsysKJUvbnmwcSBwDLknFB
mrws1_si500,lrFPFcwUSarKLHrncKLByQlcScDUwLmuhBaFBcBlwrLhuIrcDlcDLtJLtSBbcbLtLMnbnbnLQhBbeaBeaQmwrJLM
mrws1_sx140,uHyLizrIrywUarLAwDCDCQCyEDywLtIrLAIwrLASBcLz
mrws1_sx230,HAuScwLkcLhScLMiMiMrLhBaLMsLhBwDwLurIaILziz
mrws1_sx320,MzIaLHBgLtSarIDCLKUDCBlwcLhaLiLHctSaIyLurFcBSBFacFB
mrws1_sx410,vIrSarILhuhIrLMADLJwJwQBSGByKLArLJwDwDCLhBcBtJKJDwU
mrws1_sx50,lcFBLhrwrPByLHyLhHhBSarIrIaBtwDwLMJLABPwLmkwDwLDE
mtaa0_si1285,zizytwDLMIrJNLMwDCIrswsLkuTPwQtJLMwrPcwUsyKwDCIrwQlQBgLUwDwCcBcNLMwnrwJNJrQIrtJwPU
mtaa0_si1915,lsEDwLtJtLBbLHLhwPrQtLHtagLtJLt
mtaa0_si596,lLlnswrtSaItJDcwUcCSaICBsyLDwDLhwDwDCcBwLAMwJNJNJNwLhyDLyLwbnDcBbntJtwDwDCbgEDwtMywUcDCD
mtaa0_sx115,lwJLMIPGIGsysymDwnrLQIytagaeaICIrwCBsLkmwLMwCgamwDLJUJ
mtaa0_sx205,cabeBNJNJwQlwLhwPBPBmyLkMPcPSaIrLHSwLmDbeaLtJtwLhHrQvywKwDLvwUDwFSaIrUwyEyE
mtaa0_sx25,haLHsLHrmwFBQIwLhkcQlwQCyEPCwywrFBtJ
mtaa0_sx295,SIrSaIrIyTyPSaBSyPSarSBsEDED
mtaa0_sx385,CwLhkyLQBNJNtNtNcJgmyPSwUNULhHhwsJLMNMaCLvHvgraILAMyUJtLJ
mtdt0_si1994,vyLiMIbCQhBLBlCcnbtJLMwULHyKwLktMswrFB
mtdt0_si2254,DneFBcLlcLhCsbDCScwULCDamDcDLDLDLtIrncecaDLvTyPSacaDLkrLvemyLunbrcLMbgLmkncLHwLNLNJNJwJLMIsELmDyUyDr
mtdt0_si994,vwUSarLhwyLTuTybwDLzwJtJtwLMLHMsUnbtLMwLlwctBgLD
mtdt0_sx184,kywLzTPLhsgwEDyLASarmrIswFBQIreFaBaBLtJ
mtdt0_sx274,JLMyTyPQtSarILhIsLALIsLMsbgKDCICnrKJKLSBsnbsmr
mtdt0_sx364,lwLkukbnDCwDCLMAMnLMwUQlwLMwCLAaIrmDnLMbnbnDCDLHBGBsyswELtwNJtLIyneIrLUtUJ
mtdt0_sx4,KTyTyPwJLMnDmDrwUlUlUnwDLDcgbvbwcC
mtdt0_sx94,vTvTyLuSamDmDnwUwDeBwLkuwLmwrKwrLMbLHcwLASaSIncLHMbgFcBLJUJ
mteb0_si1133,lwJcFLAaBLQnLiDCPCSBGBGgILQIywUJULlcvearLkbnDcJLHrCwQLhywEDLukJgUJULMcLtJtJyLk
mteb0_si2064,vaeFLkwLScwDLzFBGBGyEDCDncDC
mteb0_si503,lLkcaDLuJLMkMkwLJcCLhkwyELkMkMcScDULuyLuwFB
mteb0_sx143,lcLhknJLSBwDmcBSBarDwJLMlcwJaBLQLhbnsLAJLArLHIeaeCLhBCDLUJ
mteb0_sx233,KTPSaISCSaICLtByLtJTyPSBcwDFBLQvIaBUJ
mteb0_sx323,IbeBLtLAwDLMtHIFBLlcwJLMaLHBSgagLiMtIwcDcLhByLirUJUJU
mteb0_sx413,lwJLHrIrtKrwJLHwLAMAMswLAcBywDLtBaCwLMywQtrLHrJLhHlnsLAMwQLhgr
mteb0_sx53,SgLizrLzDCcmyLtHtIrwJnLzLkunbrILhCwLzLHLw
mthc0_si1015,CaBFBcCDlwyLAMJLHhwrPLJwULtHhaFBFcLJwDLHBSPwcBgDUJ
mthc0_si1645,KTPSPwKLInmwytaIrLhuIrnwmwQswsLiIPrKUwDLhkwrLIbaQtcBLBhBcQrLhCcFBLBLHaILk
mthc0_si2275,lLlkywJLSwLAwDJwLHcQtNtwnLmwLABSywcwDCDCDtJLMsDbnr
mthc0_sx115,HyLMwPrIywrUwLALhyEDkwLtSacrLASwLASBcrLJUzJ
mthc0_sx205,HuBlwLAcLhcwLiwLhBaLMsLhHhSBcSBSBcDLlwLurIFaLz
mthc0_sx25,uIatagaLtSBFBCDJUDLklcLhaLJLCBtSIyTyLuwPBnbeBe
mthc0_sx295,vcSaILAMkIsnwrLkALDJwJLMcQBaBCBwyJLArLJwcCLhBgFBUcwDLUJ
mthc0_sx385,lnFBLlklwPLhCywLHsyLHhBSrIaBaBtcDLCwLAJLASBSwPLkwLk
mwjg0_si1124,JcQlyULHhwLAwcBsKDJLCywQtJncCnrwLHLaQlwrKwJncQCSBcDmwDCLhwELvTwPcrJ
mwjg0_si1754,KwLziKiKTPSISIsLAwDC
mwjg0_si494,kMwPcQBGwLHacCLiIyDrLABgsEmDwDLMwCyLJLMnJtNcDCD
mwjg0_sx134,AaBcBCswDLhwPIPSrcrDLJtrLChCcnDmwLABJwULMwcwLJUJUJ
mwjg0_sx224,JLSyEDTrIaICICwULtgUwLAbwDC
mwjg0_sx314,SgLhgLcABaGgeaBaBLScwDTyaFaFBSBcwrKTPULCgD
mwjg0_sx404,HBsDLkLHAIrLkvDQIrmcSaILuIrwUsyKwDUJULHCICFaLHrJNLAwDLMIrFB
mwjg0_sx44,cLhaIGywEDaCQBwUwUJwcLHrLtJyLAwDLHnFB
fdhc0_si1559,hBgLJLSacIDCDLkcrLIeBCLlwcLhBcBLHlCDlDnwDLMPBUJUwDCSwLivTyLCaILHMyLHhSaIgLHhHhIynbnLMk
fdhc0_si2189,lcLHaBtJwDLuABFBFBcBLlHcwJwLDrInLM
fdhc0_si929,lLkwnrLHaLJLHAIrLMPBLDJLMkncLHBbDmrJLHcwLiwnrvbnDcrcLHaCLHhIbD
fdhc0_sx119,JLhlnKrcLMbJLHarJwULInJLATPvaJLMwLzPwUJLtHrDCLAwLDbLHrJ
fdhc0_sx209,SFBSCaILhwCSIrIsyTyaFBLlncBSBy
fdhc0_sx29,JLMIraIvbLJLArvaBcrtLHIbKwDLkwKTyr
fdhc0_sx299,lwLMwPCDLHLtlHryLtrLubLMwLAacCScCIaLzrKJLMPBLHLlhHkncBbaeBLM
fdhc0_sx389,lklnLhkhkbgLuIrCsLAJnbnDLJUJLHagcDCSByLyvbLMAMrLCcLAJLlMncmyE
felc0_si1386,vywLCsLAJLHhyacCDLAaLHrLhB
felc0_si2016,vyJBacCDreaeBacLkHvgUJLMHSaILkLhkbnLuIrPBcDLJcCLQHtNtNwLtLAMHyLtymwcSBsy
felc0_si756,wnbnLkMwtrDLMbgDLJyJrLhkwULAByLABcCcDCLASGSBnrwBymrLwDwUSIarIcOLAwDCcwJLM
felc0_sx126,lkwLzPwLhgwDCDCyLASarILmkrIsysTmBFBQIrIFBFBUJUJ
felc0_sx216,JLMyLtQtHtSaIrILhIsLIrcLDLAubnbnKIrwrJLSBnmr
felc0_sx306,lwyLAMAMcCcCDLAbnbLMPwUNtNwLMwDLAaIrLmwnbDLukcCLHBGBwgLtIrwQNLNMIyaeIrLJU
felc0_sx36,JKTyPwUJLHlwDrwLlwDcFDywcC
felc0_sx396,wlyLASaDwUwLDwbneBcLAHyDmrKJKnLAMIacaLHhyLtABcLIncLMgFBUJUJU
fjlm0_si1043,HhBLMryLSIyUcFBLJcQmwrIymyKtKDLMbJLALcLHBLMIyvbwcLlwDLASGBsLAJwLAJncJLtB
fjlm0_si1673,vctJtJLByLAHyLQSGSBsLJLwAnbnDLMrLk
fjlm0_si2303,vTrLhSGFBwECbnBLAsELAyTyPr
fjlm0_sx143,JLhcwrKBLMbJLALASaIrJUJDwULIwcwJLATPvaJLzPwUtLcCDLAHwLDcbncLHrJtJ
fjlm0_sx233,SaIaCcwCSryTwcBwcBy
fjlm0_sx323,JLAuIagvbLMNtrmwcQtbKwDCwJKTPr
fjlm0_sx413,lwLMIPwNtwrIyLtrLuacaLMLAacCScCDCIgLzrULMPQNtncCBcB
fjlm0_sx53,lcbLhgLuIbnbncCswsLAJnwDJLSGBybnbLArLCScLMJLMnmy
fmgd0_si1564,TwFcwUwcwtDIrcByLCSaILDLChBcLMbeBLSwJNJLASGSGsmwLhkwmwcQcBcnLMLABcBLklcJLHBswDLtIbaDLMkM
fmgd0_si2194,CBFcBLALtJLCIyKQraILtJtBcDLtSBSaFcFDU
fmgd0_si934,lLkuyPywLMsLAJwDLtagaILMAMAeaDyUJUJULMPLhknLQrDLJUJ
fmgd0_sx124,lAkAlcLhgIDCDCaFBLlywyEDLhkrywDLJLwbvDbCBCaILzLhB
fmgd0_sx214,SIaLJbncLHhgLlcLHaDLkMkMLlwDLJULuMuknLziJLHlwJLMIrIsLuyJt
fmgd0_sx304,ksLQlQbnbnLuaILtIrScDCDLkuknecaBcCDcLMAubntJ
fmgd0_sx34,hgLkuIbcLlcDaLHhagILmDyKTPULNlHwnwDLhkuyPBFBQrLiMIraILzLM
fmgd0_sx394,vrsymvbDsLAJLCSBCDnQrwcwLlkcLhrCrnLMtMAIrLALHIrKrLiMIwnwDLzwUJ
fmld0_si2185,HrvbLHJLlHlBwEDULIyLQlwCSarLKJLlnbD
fmld0_si822,kyEDJLAwDLtaICDwDwDCDCLHarILDLHIrywLzLhHwLMHISyEDwLHIrULlcwDLHlwDQtbLABLlMwy
fmld0_si925,vyLtrwQlwrLHrLHIFPrwULuIbDLAJcwcQlcDcDLJLHhHcncncJcLtBgLkMJncaFBDLtrLAJLHhrCwLHhBvaJLHcQmcBJ
fmld0_sx115,lwKLMIrIsywnrLQIyLtBaeIrCByPwLMwPCgnbcvacDmlwLAMJ
fmld0_sx205,veBJwUwcwLhcFBcLMPLMrcSLSarLASCDlbeBJwPLHrLQhwKwDCwULDncFBLSywLNLNHNlwy
fmld0_sx25,haLHsLHrLkDnFLtHtHrPQLQhSBwQwDCIrCDyTyrFBJUJ
fmld0_sx295,SIrIyTyPSBSByPSIrSBsngDy
fmld0_sx385,DwLkyLQBJgDmyPSwULhsJLlMcFaDvarLAyJUJUJ
fnlp0_si1308,wTyTywFaBSBytJswDLHlcQLDvbeLCBcDCwywDwLAwnwDwcQJLHaLHAwrc
fnlp0_si1938,hCDhaIywLHMrDbLuIrInctNJtLtSBctNtcBSBbnrQr
fnlp0_si678,nbncJaLiLwcScwULkhyaCLHaBcLHlnwnwnwLAJlJcDvbnCDlcFaFBcCDCyPmwcLHMHctcLhcLMAsKwDLhBgwDCbnctlwLz
fnlp0_sx138,nbgLmDmrwrLAaBLtIrFBLHIamDCbcbLAtJaIrvaDCsywPQcBsyswLlwJtrwQlwywDlDw
fnlp0_sx228,cBaByPSBsEvTwnrLhcFrIbabLJLDCBgDLJULvaBCvbnrDLQ
fnlp0_sx318,lcDbnrwQNJcDcDLuhaLHkwLCDLCnwDaLhwPSPcwNtJNncCSaLHAHwEDLlNwnwctNLlNlwDLJ
fnlp0_sx408,uIsLhgLtIntLCDwFBLHyLiLSByLlHNMsnCSaIrIwE
fnlp0_sx48,vAwbncmDctLAIaLtwLHLHcnLAcDacCQCBwsLAacaLHbLAJLCBwLuBbnLNcLHar
fpas0_si1272,vsyLtNTwPFLhuIeacDLUQtIrLAbabLMrmwDCDLHwcDUwrKwD
fpas0_si2204,vTPIrcLhwUgUJLByLHhBcByPSwNtLScDCDvTPLzLHhaBLB
fpas0_si944,SctJcnLkwDLMHIwLiLMwKrLJLCByPQLvwDwytcFBLlHlcLhIyLtLHrcCDCcwUncLhIaDCD
fpas0_sx134,KyKJLCSwcwLHLMlwDUJLHhIsEDLkrIgDLASaSacCcwUJLMyLJtJLSBCSFBLH
fpas0_sx224,aScCBcBScCDcDCDJnFcQSarILAwDCatcDCDLhyLtBCwDCDUyPy
fpas0_sx314,TwcCLiMizrFBLQrwDLzMzwmrLQhSaIGwLhkwLkzizLHhaFIwrKUzUrLMcLAMwDLHMsyLzwJLMkwPUyPUwPDU
fpas0_sx404,ScwLlwrLHrQNQNLHcBSaIKwUrLQryTPwUJtSBSBFwDJyTyaQmCcB
fpas0_sx44,HMHAbCLkwQcLkMkMIaLmwECBCcbnJDUcBCDLHwrJLMHMsPwUJUJUJ
fpkt0_si1538,lwtyLuLSarIaICyKPUJLuAwDCDaLQlTwUJLMwUJKJyLHrnr
fpkt0_si2168,JLAMIsELhHhyLunbnrnwDLHMwUwLHcBLHcwDLhkeaCLDwULiznwnrcrJLM
fpkt0_si908,TyPCbsbnDCsLKzKzwrJnFBtwDwLASarIywBCbLAtASar
fpkt0_sx188,JLhnLKLKwBLMbnJLASaIrJwULInJLAyPLvSaJLMwLzwUJULtrcCLAwLCDbLHrUJUJ
fpkt0_sx278,SwywPFLIaLhkhwDCSnrLvIFGTwncBcFBSBwcBy
fpkt0_sx368,JLMIaLvbnLJraBacmctbLKDwJKTyTwr
fpkt0_sx8,lwLMPLtrwLtrDmCDbcaLlMwLAecCScCDCIaLkzrwUKJLMPtncQBCBaBa
fpkt0_sx98,lnbnLHhkgwLuIbCsLAJnbnDLJacCnbybnLMrCcLiJLlHMncQmy
mbpm0_si1577,lwrIsLAFBFcLziLIybnCQBgLAIbnLhwLNJ
mbpm0_si1584,lnbcnJLlwywLQlhHnDLtJwLArLkwbnwDQhsyLMwDLJUJLiMysEDUlwDwLHwrwDLJLDwnwDLDkwPSwDUwrIgLMk
mbpm0_si947,lBlBwLubeBSBcDLkvbLtJwPmyTyPwULkgEDLDcDcwLJtIyLAMkMkMk
mbpm0_sx137,lwJcgebeDCDLklwcQLzwDlcLtHtIrULhkuywLhBJLAwrLhybQtBLH
mbpm0_sx227,vgcSBnrDmybwnDLtIyPSBywsLCDEDlwJsDLtNsED
mbpm0_sx317,lcQtaLHIrQlwnDmwLlknbnDCDLtIrcCrIgmlwyEDLkacDLMgcDCD
mbpm0_sx407,knbtLCDCyUJLSCyKJULDyQBLHSGBGwsLJLAuaIrLtLCbnLMJiLMrJULArLMkMk
mbpm0_sx47,wvyLQlwDcwcJnwcLHBLhBcLAbLmywBnryLADLHsEDJwDCLhBUJ
mcmj0_si1094,SatwDCDLhkHhaCDwLJLtHIntJwDCLHBSywDkwLAMAMsLMwyJnmDmrIsEDEDwLlDcQwLMnDLziwDCSaIywCFLtKwDCDCD
mcmj0_si464,vTyDnwnLlBDCctLMrmywDCLhgcDBQBcwLlHwLAwEDLtrCDwDmsyTybearmyPSwLznLHBLQIrywDLkMagaIcDC
mcmj0_si602,HIrIsFBLhSaILMbnswLJLMwPwUzyPLtrPaB
mcmj0_sx104,lywcCBcCDLkwLHsLAtyLAtIaLHBSBwJLtaBcLHBSBFB
mcmj0_sx14,lDwFBcLMrIsywLHIrJDneBaIrLAJLHnwLMwLMIPFBLhsLuncLQCDCwDcaIrUJUJ
mcmj0_sx194,aIaDCwywCSGswrwULCSBCBacaFLHLCDCsTywDnwnrUJ
mcmj0_sx284,lwLArFLAcCDJLMCSaIaFBLHLvnrQrIsEDLtIrDCymyEDywLMPr
mcmj0_sx374,vwKrFLhkrtnbneceBLHnwUwNtwrcSrLhIrnFLAwD
mdab0_si1039,vbncQCaJLABPBFBDCDLhcwJsEDCDCD
mdab0_si1669,lywDCDUJUJLMwsELHMHMwLkwJcLHcCDbcJQULhwcLCaBJLM
mdab0_si2299,wsLDCDaDCDLMkwDLMrLhwLMrLHBgbsbwDTyPUKUyPSCSacDLHsybaBtICcSrLAIrwDLkMwFPBwrIywLMbearUJU
mdab0_sx139,lcLhaChrcPBFScJLHaFcFULCByJwLiIPBswLDTyTrPLQwKrSrar
mdab0_sx229,SaIyTyPlBcLMAyEDLtSaCLHaBaCDcwDCDLk
mdab0_sx319,vwLhyLuwPFPLHIgLQBybcChBLkMIPQLlwctaCDvearLD
mdab0_sx409,lymTyEDLJLHwDwKLCgDLChyEDLtHIyKJDwPwUJLMIrwLCagLATPrPcJSISyE
mdab0_sx49,vbnLHtGaBgcncLlmQmcaCDLMtISaFBtNLHlHwsPSPwBQCbeQLKrLhByE
mgrt0_si1450,hlclmlmlwJLkwQtIrwDLiKTyPyLkwctvKTPwcPQLhyUbgLkuywU
mgrt0_si2080,wLMrwLkhywULDwcFILMgDCDLtBaIwLAIrwDCwDCsKwDLJUJ
mgrt0_si820,SBcnFBLizwPDTrLlMkwLCDwDtKtUvyTyLkAaFaFBCLCBlByPSGgDLwbnwDCDCwJULMrvnwnDCDrIyLkwLDTyQwDLkzwPQbaLSBSBnebeBeB
mgrt0_sx10,JLhcnKcBLHMbnJLAtaIrJcwULInJUJLAuyPQvacJLJwLzwPwUtrcCDCLMAMwLDbcLHQrUJ
mgrt0_sx100,SBPwFBCIaLhDlcCSwnrIsTwcBSBcBwBy
mgrt0_sx190,JLAMIaLvbnLJLJaILceaLmctbKwDCDlcwJTywr
mgrt0_sx280,lwLiMPLNtwsrImyLtrwLkukeaLMwLHAaLCLSBwLCIaLzrUJULMPwLNtncBceBLH
mgrt0_sx370,lbnbLhkhkgLuIbnDCsLAJnbnDULSBSBybLtLMAMrLCBacLiJLlMlkcmwy
mjdh0_si1354,lwUDwULDcFaFBcCDwULHacLtLCwsLKLDCSacLmwDLkMLHwLy
mjdh0_si1984,lwLAIPwcBwyTDwLkwDwcQtIFBLSBCQwDmDwDwCIyEDLDLiLDLMPwLkwLkMkacDwUwLCDFBSBcDwcBJLSIrInbnB
mjdh0_si724,ACLHAuAurcLSBLAIswDULMcCLhyEDcFBLlmlwQLlwFBJLSr
mjdh0_sx184,AMArLmkwKLDCcLHAHarULHIrcDCBFBLHIPLCBtSIacChuIrsyLzkLHIwrwLziz
mjdh0_sx274,lwLJwFBLMiziTPrLkLABcLHLACcLNncBaLiKiIrPLQhr
mjdh0_sx364,lwLAIbnQCLhIrmywLhFaFBLhkwLJLhIrmywPLHIwLkuyPwPCDCDaFaCFBLCD
mjdh0_sx4,lcBabgbctNLtLhkInbnDCLJLlwDJyEDywQtSaBLiDLJLCaBULHaIDTPCD
mjdh0_sx94,CaBFCDLzJLAIaCSyLkwUJUJLSBgLAJLHbnLHLMcncLzwLzU
mjln0_si1449,ScmDnbnFBCcwUJwQCarILhyvsLQmwrvarLkwyJagIgrJyQt
mjln0_si2079,vwDTyPSISGgLhkuywrwrLukIrwtLMwLhwbwDtrCDCDcFaSar
mjln0_si819,AlwQlywrCbtJDrwDCDLJnacaBtLHwywQlwCsbnDcacCLlcwJtJgagLkwLHIbCwDcwJLMrtwyPymr
mjln0_sx189,AacCDbnCLhChwFDFUJtrCnDmDmwsLABaBFBJwJLMcwDLJUJ
mjln0_sx279,JLSIyEDTyTyTraICwUvgKzyPwLAbnrCDC
mjln0_sx369,SagILCSgrISGaIrswFSwDTyBaFBSGSByLUzTyPUCgD
mjln0_sx9,HgbDLHIrDLvCIwmrarILmwDwUsKDLJLHrICaFcCLhrtNLAwDLtIrIB
mjln0_sx99,wLhaIDaLQSaGwUwJwLHrLDLtJByLHwEDLHsnwDswB
mjmp0_si1535,KwQlyLAJncQBrIrIsyEDLuIrncwQNtwQtHtnwLDCDeaBcLzTyLQlwCSaICDcJ
mjmp0_si1791,babLtLMrwQCbgbacLhgFDBQIBcwDQDtJtScwUwLAMJBFBLMcDLHBSByUy
mjmp0_si905,lwrvrCSaIrIaLHyPwUJLCDwDLtrCIsDwybLAtJtrcCDwDyLHIamwmDgLJwPwrmywyUJUJ
mjmp0_sx185,baILurLABLMIrFBLHIaImBcnLAJtJrcDCyLQlQmlwcCByLkwJtMIrLhyLmkmkwLk
mjmp0_sx275,lcBSgaFBSBSByPSInsyvDTyTrILCSLShIwDmCIbKwcBgUaBnrLzUz
mjmp0_sx365,lwDwrtJwDwLuaICswDaLhHhyPSwNtwDCSaLAwDLkwJLMwLJUJ
mjmp0_sx5,uIsLhgwUtrnwrKLCDwFBLHyLizLSyLAMswCSaIDmDwDCD
mjmp0_sx95,MAbDmcJLAMHIatrwLAyLAwDCDcFcCrLHAacFLhbLAJLCDwDLHBcnLlMHcLHar
mklt0_si1213,lwcCSByPIbnJLDCwyELHIaLSBwPLSBLhyEDLDkDncnJnrwy
mklt0_si1843,lwPSwULNlsnwQlwLiKPScLAvebeQtLMDPyPwDaLMIrIyDacaDJysKDLhsLuktHIrLuzwPQDcwcwJ
mklt0_si583,haIDCDyUJLHBytIPBsLAwDCISaBGBgy
mklt0_sx133,lwLnbncCQCBcDLkcLHwLAJLtHBlwLAaLHBcwJLSaBaBcLuBFB
mklt0_sx223,DFLAMryLHIrJLDkaILAJLHhcLMwLMIPFLhsLukFcBQrcBwLHhBSGSBFrmrUJ
mklt0_sx313,SGBSyBSGyTPrJULBLhkFGmywDbnrJUJ
mklt0_sx403,lwtLArFBLAcDCDLJLNLCLChChBGagIgGFBLHvebcbLQrInwEDLitrIrDCLCymyDnwLHMwPB
mklt0_sx43,lwlwKrParIrtIFaBaBLmAncncDUwcwctwcLHSarLHIFLAwD
mlll0_si1363,TmaFaFIDmTyLmwCLChDkcaLtvacmCmhy
mlll0_si1993,vwvwyLukuyQCwyKtraILkuAvaILkhBbtwDCLSCBcwLMwvrCDwFByECSIByLA
mlll0_si733,swyEDLHAuIyUJwyEDELMwnwncLhFBcLQLhyPLHIamwLkwQnFBLhlcw
mlll0_sx103,AHcLhgEDLCwLaFBLlhyECLuIyTywDLJLwDlcBSBCaILzLHhBLB
mlll0_sx13,SIaLkJbLhcLlcLHacLkwLwyvwDLJLAubnLzizizLMcJLAIsLkuyJ
mlll0_sx193,lLhsLhksnsLuraILtrScLCLuneBcrCLhHhcLQtQtLAunbnJ
mlll0_sx283,gbgLInQlwLCDcaLhgLlyKTPwULNlUwQLhyPBFBQtrLirarIrLzLMkMk
mlll0_sx373,vIrIsLAvybnwQCDLsLAJLSLScmDknQrwQLlwLhrQLCQCnLMrLHIrKrLMisLzwUJ
mlnt0_si1574,JIPBtBaByULhyPrJULSOwcULlhwLuwQLCywQLhsnLDCsbsbsLDyPLzwJLHhHwnwnDcFBSamDmcLCacDmy
mlnt0_si1902,ABSgmFBSByvyLkwLHMIrQLQhwDLlkwctBaFar
mlnt0_si642,vrKJLMcLmywPQtwUJUJLMAHIrIyPSBcwULHrJwJULMwcQCSByLHrKyPwLk
mlnt0_sx102,lwLAbnLJLCybeBaBGUJULvLvrLiLCgTyTPrUJ
mlnt0_sx12,ABPwcNtBSBcwPUJyPLHLhFcmDlBcBcCDKTrIyPwUJLCcwJgLz
mlnt0_sx192,TwyLzizwcCDLMgcCSCSBywDLAFcCSBSaJLABSBcwUJgLmwPLSwNLNlNlcwcLhIrIrywLkuwnbecDcLQwyvTymDyEDJwUJULMkwcCLHaILk
mlnt0_sx282,zsDCsnrCSaILChacDmyLhBgcSarLAHyELvaIrLk
mlnt0_sx372,TnwFCDJLMrULhBFLAaCQBcwDLAbnLQhyPwUJULHMHIyLMJ
mnjm0_si1580,lyLAbnwDLHIrLzwnbLACBCSaFDCSIsyELzLHhFBUJtSarULJnbneBQt
mnjm0_si2210,vyPSwULuywLtLMswLuhSwQtNtNbDCSacDCbEDwLMPwUcDCLnHbnDcLHFCDyDcBSLBcPrtrScDswDwcDCwDmyCIrIsyJ
mnjm0_si950,lLknrImyvaJLMTPrmTwrQrIsyJwy
mnjm0_sx140,lwJbeCDLlwLzwDcwQtrULkuyPQBPBJLAuwPwrQLhybDcBcFBLH
mnjm0_sx230,vaeSBwsywDLtyPyPSBsLCyEDwUJsEDLtNsDsE
mnjm0_sx320,lwctaCLHrQlwDwDLhDknbnDLtcDrIgDCyEDacDLMgcD
mnjm0_sx410,lkubtLDCyJLSyLmywyJLCDyLmcBLHBcSGBsyJLAaILtLCbLiLMrJLMAMr
mnjm0_sx50,lTyTyQrwDwJcDCLHBQSFBLAbQIywPBSBnrsyLAwDLHsEDJnwDCLhBJUJ
mpam0_si1189,vsywDLHgKiIraILlwywclcrLiytJLtaIKJKDwcUcQBSBSgagaLJLHMHaLAtyLk
mpam0_si1819,JacacacLziKiKizwLAHaBLMwCwPwUcCScwULAcCDLHByLCBCBycDLzwcJLMcQtgLk
mpam0_si1961,wmkFaFBLkwLhlhBFcLALtHQIrIytwKDLknwDLiKiKwLiKisLH
mpam0_sx109,lywcCLhBcDLhkwLHMnLAJLlNwywLHAIaLHBcwJaFBwLhSPSPFB
mpam0_sx19,DwFcBcLizrswLHrJcDeBvaIGwLAJLHcnLMwLMIPFcLhsLuwcQrCcwDLMkMraImrKJUJ
mpam0_sx199,SBCBsyCSGaIGswrKJUBFLhkwFBywDbnrUJ
mpam0_sx289,wLtLAnrmrSFBSBcBLAcDCDLJtLSaIrFBLvbQtHtIrIsyKtrLChCymyEybnLMPB
mpam0_sx379,vwKrFBLhrtnFBLMwUwtwcCSrLhIFBFLAwD
mtas1_si1473,SwCsLtrnsDwLvwJLHIracCQCScCScwJLHhHhbgLDFBLJLMLDwLHnLvAvyLIrLvATyJLMIyLDrw
mtas1_si2098,SISyLAvwyEDLuyPmwrPLhHhwLtLtHtISwLkysLzkLvsyLtwLHsLKwLQLCBwy
mtas1_si838,lkwPSIScwNtbebeQLtnbnDLtyLHsLhBLvLvSaBaBcBLNJ
mtas1_sx118,lwcLhbnDLJLASGBGsLAMcCarDLlwywDwJLMwJtJaBLhCwnwLAJLHrLHIbeBLHhcDLJUJ
mtas1_sx208,KTyPSaISarIrILDLtIBytJtJyEPScLDLlcFBLtHtIrIaBLJ
mtas1_sx28,IbIbeLtLHrwDLHMIrFLlwJLMaBLHaLiLtHrDLlcLHwsyLirUJUJ
mtas1_sx298,lwJLHhrwQtKTwrwJLHLALAwLHlwDQtSacFcCLHMIwLtSrLHrJLHrnrnLAwQLhacaDcr
mtas1_sx388,SgLMraILzLCIrcDmyLtrJnLiLHhnaILHwLziz
mtls0_si1370,vacaFBFBSFcCQlcQlQlcBwDmDrIyLDCsyLkagLhgBbnDLMwLhgJncQSBFBLhkhFcFUwcCSBcDLitIrPFBDJcLHrwUJ
mtls0_si2000,hacaLAtJtJcBQtrcIKDCacLAMJ
mtls0_si740,MwCnwDysnwLAJLHhIrwLMJlwJLMIswDLScwUwDnQcDmlcLhFBFB
mtls0_sx110,lsLCacJLATPBSBcgbcLkcCBPFPwDLlwlwULAuAuPwLtGmTPwPLhBbLAM
mtls0_sx20,lwLAaFULSBsyTywDLkwQLlwcLhIbacLHBsyLwnbncLHNlcwKwPFaIr
mtls0_sx200,lhlBFULCyPLPUwyPwPwKwDUvgaCDCcDCgwQULSCSBgaCQCQBcBcJBGBsyE
mtls0_sx290,lLSByUJLMsLNlNwUJLMPwPmyLMsLhcLABatNJLMwcQlwLASByDwUJtcCDCBsy
mtls0_sx380,lwLAaLHwLHASByLmwPrPwULKwywcDLHBPQFaIaIywncDLMBFBFBDIaIDLk
mwbt0_si1553,ShScDmwDwUJLScDJnLiKDcCSwyPSBFBLAcCDLkcFamwmrJUJUJ
mwbt0_si2183,SgagFcLtHtyLHwEDEDCSBESIFBCDwJLMHIyLMwDLMHAbnJLlMwCDUwCDCbnLtJLMAJLwDnwnDwyEDcCLhaB
mwbt0_si923,lctTyTyPULBsmrPLlhwLkwnFDCDLMtMncBwnwD
mwbt0_sx113,kwDwLunrDLKzwFBFLQmnwDLknLArIsywLlklwrLABnbnLtKIrwDLDLJtLtIaBDCaFBcLmQwLUJUJ
mwbt0_sx203,vTyPSBFcBSaeBFSrLInrwPBbgLsLyLy
mwbt0_sx23,SwLzIaBtaBDybnLAyUsyLKwDLUwPSacDLDLJ
mwbt0_sx293,AaIywDLMtMIwrKLHBSBsywLMnbsLSwLhyLizLHhHhBFBJtIrIreaearJUJ
mwbt0_sx383,IsLDeCwDebcbLHhyLmkwLhnFncncJLHMNMbLtrLhyPUDwJULCarLzTrJUJUJ
mwew0_si1361,lcwLCyLASBFBLvwCyLlHwCELSaILtBcByLtHtSIrvmvmwUwDeBcJDwUJUwUwDLHSIrLDLMLCSBnwLlNwyDEDE
mwew0_si1991,vyJnwLlwLAIyUyLtSBLvbLHBgcD
mwew0_si731,lsLAtJtLBcFBywQLhBlByUJUNLHScDLvbnbLtLHaeaeBaIrcSBCBFcCLhIr
mwew0_sx101,lwyJwcCLhIrwDLznsbgbDTPSIrIsywLAIcwDCgJLCScDLJLMwJLHwnwDLlwLCSBgbcLlClhwy
mwew0_sx11,vcBLASBSwLmkwLTwywyUzTPrDLkPrParwDLJ
mwew0_sx191,wLHyLHBScScwLizncCIrwUJULlwrScwLHhyEDLknFcDyLtLtHrcSBFBtwnr
mwew0_sx281,haILHcLHrDLkLHvsysLHrwDLQByPLDJwDLklwLHwyLHhHhaDCDLHtBgr
mwew0_sx371,lbJLAwcLHhBaFBLAwDLhywDwDLkwrLMAMAswDEDEDELJLHSar
